{"cameraMode":{"drawMode":0,"name":"Shaded","section":"Shading Mode"},"sceneLighting":true,"audioPlay":false,"sceneViewState":{"showFog":true,"showMaterialUpdate":true,"showSkybox":true,"showFlares":true,"showImageEffects":true,"showParticleSystems":true},"in2DMode":false,"pivot":{"x":1.2749098539352418,"y":-2.583913803100586,"z":-17.26842498779297},"rotation":{"x":0.0324026495218277,"y":-0.010799100622534752,"z":0.0003497330180834979,"w":0.9994231462478638},"size":0.8804709315299988,"orthographic":false}