{"cameraMode":{"drawMode":0,"name":"Shaded","section":"Shading Mode"},"sceneLighting":false,"audioPlay":false,"sceneViewState":{"showFog":true,"showMaterialUpdate":true,"showSkybox":false,"showFlares":true,"showImageEffects":true,"showParticleSystems":true},"in2DMode":false,"pivot":{"x":-22.540193557739259,"y":-13.800539016723633,"z":-202.16632080078126},"rotation":{"x":-0.049019116908311847,"y":0.17497260868549348,"z":-0.008724324405193329,"w":-0.9833255410194397},"size":8.679150581359864,"orthographic":false}