{"cameraMode":{"drawMode":0,"name":"Shaded","section":"Shading Mode"},"sceneLighting":false,"audioPlay":false,"sceneViewState":{"showFog":true,"showMaterialUpdate":true,"showSkybox":false,"showFlares":true,"showImageEffects":true,"showParticleSystems":true},"in2DMode":false,"pivot":{"x":0.010127143934369088,"y":2.3693411350250246,"z":-1.0283416509628297},"rotation":{"x":0.028182508423924447,"y":-0.017394917085766794,"z":-0.0004968951107002795,"w":-0.9994581341743469},"size":10.920249938964844,"orthographic":false}