{"cameraMode":{"drawMode":0,"name":"Shaded","section":"Shading Mode"},"sceneLighting":false,"audioPlay":false,"sceneViewState":{"showFog":true,"showMaterialUpdate":true,"showSkybox":false,"showFlares":true,"showImageEffects":true,"showParticleSystems":true},"in2DMode":false,"pivot":{"x":-1.2210416793823243,"y":2.849425792694092,"z":12.789999961853028},"rotation":{"x":-0.021305005997419359,"y":-0.01739818975329399,"z":0.0003647123812697828,"w":-0.9996280074119568},"size":4.51789665222168,"orthographic":false}