{"cameraMode":{"drawMode":0,"name":"Shaded","section":"Shading Mode"},"sceneLighting":false,"audioPlay":false,"sceneViewState":{"showFog":true,"showMaterialUpdate":true,"showSkybox":false,"showFlares":true,"showImageEffects":true,"showParticleSystems":true},"in2DMode":false,"pivot":{"x":-0.7290077209472656,"y":-3.0630552768707277,"z":12.148102760314942},"rotation":{"x":-0.05415356531739235,"y":0.8225224018096924,"z":-0.07946260273456574,"w":-0.5605456233024597},"size":15.666890144348145,"orthographic":false}