{"cameraMode":{"drawMode":0,"name":"Shaded","section":"Shading Mode"},"sceneLighting":false,"audioPlay":false,"sceneViewState":{"showFog":true,"showMaterialUpdate":true,"showSkybox":false,"showFlares":true,"showImageEffects":true,"showParticleSystems":true},"in2DMode":false,"pivot":{"x":-16.070316314697267,"y":-12.940196990966797,"z":-201.117431640625},"rotation":{"x":-0.17256559431552888,"y":-0.09822709113359451,"z":0.01729682832956314,"w":-0.979947566986084},"size":8.134224891662598,"orthographic":false}