{"cameraMode":{"drawMode":0,"name":"Shaded","section":"Shading Mode"},"sceneLighting":false,"audioPlay":false,"sceneViewState":{"showFog":true,"showMaterialUpdate":true,"showSkybox":false,"showFlares":true,"showImageEffects":true,"showParticleSystems":true},"in2DMode":false,"pivot":{"x":5.8812127113342289,"y":-6.093317985534668,"z":-2.087979316711426},"rotation":{"x":-0.0392998531460762,"y":-0.005401345901191235,"z":0.00018639180052559823,"w":-0.999238133430481},"size":3.1231493949890138,"orthographic":false}