{"cameraMode":{"drawMode":0,"name":"Shaded","section":"Shading Mode"},"sceneLighting":false,"audioPlay":false,"sceneViewState":{"showFog":true,"showMaterialUpdate":true,"showSkybox":false,"showFlares":true,"showImageEffects":true,"showParticleSystems":true},"in2DMode":false,"pivot":{"x":0.733625590801239,"y":0.3449997305870056,"z":10.173830032348633},"rotation":{"x":-0.004809231497347355,"y":0.0065953549928963188,"z":-0.000036673030990641564,"w":-0.9999829530715942},"size":2.7274014949798586,"orthographic":false}