{"cameraMode":{"drawMode":0,"name":"Shaded","section":"Shading Mode"},"sceneLighting":false,"audioPlay":false,"sceneViewState":{"showFog":true,"showMaterialUpdate":true,"showSkybox":false,"showFlares":true,"showImageEffects":true,"showParticleSystems":true},"in2DMode":false,"pivot":{"x":-8.933374404907227,"y":-10.619364738464356,"z":-201.08975219726563},"rotation":{"x":-0.0347907692193985,"y":-0.0263846293091774,"z":0.0009173151338472962,"w":-0.9990570545196533},"size":5.550745010375977,"orthographic":false}