{"cameraMode":{"drawMode":0,"name":"Shaded","section":"Shading Mode"},"sceneLighting":false,"audioPlay":false,"sceneViewState":{"showFog":true,"showMaterialUpdate":true,"showSkybox":false,"showFlares":true,"showImageEffects":true,"showParticleSystems":true},"in2DMode":false,"pivot":{"x":4.269999980926514,"y":-1.9012131690979005,"z":12.0},"rotation":{"x":-0.013808676041662693,"y":-0.00840437039732933,"z":0.00011152938532177359,"w":-0.9998902082443237},"size":0.7066628336906433,"orthographic":false}