{"cameraMode":{"drawMode":0,"name":"Shaded","section":"Shading Mode"},"sceneLighting":false,"audioPlay":false,"sceneViewState":{"showFog":true,"showMaterialUpdate":true,"showSkybox":true,"showFlares":true,"showImageEffects":true,"showParticleSystems":true},"in2DMode":false,"pivot":{"x":594.0286254882813,"y":72.84288024902344,"z":77.24755859375},"rotation":{"x":0.05687237158417702,"y":0.06135868281126022,"z":-0.003496679710224271,"w":0.9965035915374756},"size":388.9205017089844,"orthographic":false}